"Date","Price","Open","High","Low","Change %"
"08/10/2023","4.107","4.009","4.113","3.957","2.27%"
"08/09/2023","4.016","4.012","4.044","3.988","-0.30%"
"08/08/2023","4.028","4.089","4.089","3.984","-1.67%"
"08/07/2023","4.097","4.050","4.123","4.046","1.36%"
"08/04/2023","4.042","4.179","4.206","4.038","-3.29%"
"08/03/2023","4.179","4.086","4.198","4.082","2.19%"
"08/02/2023","4.090","4.013","4.126","4.009","1.30%"
"08/01/2023","4.037","3.965","4.057","3.949","1.77%"
"07/31/2023","3.967","3.963","4.003","3.927","0.26%"
"07/28/2023","3.957","4.014","4.043","3.939","-1.14%"
"07/27/2023","4.002","3.877","4.024","3.839","3.34%"
"07/26/2023","3.873","3.898","3.904","3.847","-0.45%"
"07/25/2023","3.890","3.876","3.922","3.857","0.31%"
"07/24/2023","3.878","3.847","3.878","3.792","1.08%"
"07/21/2023","3.837","3.850","3.861","3.809","-0.50%"
"07/20/2023","3.856","3.754","3.874","3.746","2.88%"
"07/19/2023","3.748","3.789","3.797","3.727","-1.08%"
"07/18/2023","3.789","3.805","3.809","3.734","-0.51%"
"07/17/2023","3.809","3.815","3.836","3.772","-0.56%"
"07/14/2023","3.830","3.777","3.836","3.760","1.67%"
"07/13/2023","3.767","3.859","3.865","3.757","-2.43%"
"07/12/2023","3.861","3.962","3.970","3.844","-2.93%"
"07/11/2023","3.978","4.000","4.008","3.950","-0.55%"
"07/10/2023","4.000","4.062","4.092","3.986","-1.62%"
"07/07/2023","4.066","4.031","4.094","4.006","0.86%"
"07/06/2023","4.031","3.938","4.083","3.930","2.48%"
"07/05/2023","3.934","3.841","3.947","3.831","2.47%"
"07/04/2023","3.839","3.854","3.878","3.839","-0.51%"
"07/03/2023","3.858","3.845","3.868","3.778","0.46%"
"06/30/2023","3.841","3.838","3.892","3.803","-0.04%"
"06/29/2023","3.842","3.714","3.868","3.712","3.46%"
"06/28/2023","3.714","3.762","3.770","3.704","-1.54%"
"06/27/2023","3.772","3.719","3.776","3.692","1.31%"
"06/26/2023","3.723","3.721","3.737","3.679","-0.36%"
"06/23/2023","3.737","3.787","3.799","3.692","-1.58%"
"06/22/2023","3.797","3.727","3.810","3.711","1.88%"
"06/21/2023","3.727","3.732","3.791","3.711","0.21%"
"06/20/2023","3.719","3.824","3.826","3.701","-2.69%"
"06/19/2023","3.822","3.760","3.826","3.750","1.45%"
"06/16/2023","3.767","3.718","3.806","3.717","1.26%"
"06/15/2023","3.720","3.790","3.845","3.707","-1.84%"
"06/14/2023","3.790","3.821","3.851","3.771","-0.96%"
"06/13/2023","3.827","3.740","3.845","3.682","2.23%"
"06/12/2023","3.743","3.745","3.794","3.711","0.00%"
"06/09/2023","3.743","3.724","3.780","3.716","0.68%"
"06/08/2023","3.718","3.789","3.821","3.708","-1.99%"
"06/07/2023","3.793","3.668","3.801","3.656","3.15%"
"06/06/2023","3.677","3.685","3.735","3.654","-0.31%"
"06/05/2023","3.689","3.706","3.762","3.658","-0.26%"
"06/02/2023","3.698","3.606","3.700","3.599","2.71%"
"06/01/2023","3.601","3.639","3.689","3.570","-1.25%"
"05/31/2023","3.646","3.694","3.694","3.614","-1.29%"
"05/30/2023","3.694","3.765","3.769","3.681","-1.85%"
"05/29/2023","3.764","3.821","3.827","3.757","-1.44%"
"05/28/2023","3.819","3.817","3.845","3.809","0.24%"
"05/26/2023","3.810","3.817","3.859","3.777","-0.35%"
"05/25/2023","3.823","3.740","3.827","3.730","2.12%"
"05/24/2023","3.744","3.701","3.748","3.667","1.25%"
"05/23/2023","3.698","3.717","3.761","3.688","-0.57%"
"05/22/2023","3.719","3.669","3.728","3.642","0.99%"
"05/19/2023","3.682","3.649","3.720","3.619","0.84%"
"05/18/2023","3.651","3.562","3.659","3.547","2.23%"
"05/17/2023","3.572","3.547","3.589","3.515","0.85%"
"05/16/2023","3.541","3.507","3.573","3.457","0.97%"
"05/15/2023","3.507","3.464","3.511","3.457","1.30%"
"05/12/2023","3.463","3.382","3.470","3.369","2.26%"
"05/11/2023","3.386","3.436","3.444","3.345","-1.53%"
"05/10/2023","3.439","3.519","3.528","3.431","-2.37%"
"05/09/2023","3.522","3.515","3.532","3.479","0.43%"
"05/08/2023","3.507","3.448","3.520","3.422","2.10%"
"05/05/2023","3.435","3.386","3.465","3.379","1.73%"
"05/04/2023","3.377","3.403","3.411","3.296","0.39%"
"05/03/2023","3.364","3.431","3.441","3.341","-2.03%"
"05/02/2023","3.433","3.566","3.570","3.424","-3.83%"
"05/01/2023","3.570","3.450","3.608","3.448","3.98%"
"04/28/2023","3.433","3.522","3.551","3.422","-2.69%"
"04/27/2023","3.528","3.443","3.538","3.433","2.42%"
"04/26/2023","3.445","3.418","3.458","3.375","1.33%"
"04/25/2023","3.400","3.481","3.492","3.379","-2.75%"
"04/24/2023","3.496","3.572","3.572","3.492","-2.02%"
"04/21/2023","3.568","3.534","3.579","3.501","0.92%"
"04/20/2023","3.536","3.591","3.602","3.526","-1.54%"
"04/19/2023","3.591","3.589","3.639","3.578","0.37%"
"04/18/2023","3.578","3.600","3.608","3.549","-0.79%"
"04/17/2023","3.606","3.530","3.608","3.507","2.60%"
"04/14/2023","3.515","3.447","3.537","3.422","1.91%"
"04/13/2023","3.449","3.389","3.460","3.372","1.44%"
"04/12/2023","3.400","3.428","3.462","3.340","-0.93%"
"04/11/2023","3.432","3.419","3.456","3.381","0.49%"
"04/10/2023","3.415","3.372","3.436","3.350","0.05%"
"04/07/2023","3.413","3.305","3.415","3.298","3.33%"
"04/06/2023","3.303","3.307","3.313","3.253","-0.17%"
"04/05/2023","3.309","3.348","3.372","3.266","-0.89%"
"04/04/2023","3.339","3.417","3.485","3.335","-2.24%"
"04/03/2023","3.415","3.524","3.545","3.400","-1.68%"
"03/31/2023","3.473","3.553","3.585","3.470","-2.08%"
"03/30/2023","3.547","3.570","3.596","3.534","-0.53%"
"03/29/2023","3.566","3.573","3.611","3.534","-0.16%"
"03/28/2023","3.572","3.530","3.577","3.498","0.91%"
"03/27/2023","3.539","3.400","3.545","3.367","4.95%"
"03/24/2023","3.372","3.417","3.425","3.285","-1.20%"
"03/23/2023","3.414","3.451","3.520","3.374","-1.08%"
"03/22/2023","3.451","3.606","3.644","3.430","-4.34%"
"03/21/2023","3.608","3.496","3.613","3.440","3.58%"
"03/20/2023","3.483","3.468","3.519","3.291","1.31%"
"03/17/2023","3.438","3.568","3.598","3.382","-3.94%"
"03/16/2023","3.579","3.451","3.586","3.369","3.37%"
"03/15/2023","3.462","3.697","3.710","3.388","-6.05%"
"03/14/2023","3.685","3.562","3.697","3.464","3.96%"
"03/13/2023","3.545","3.750","3.762","3.418","-4.31%"
"03/10/2023","3.704","3.901","3.901","3.674","-5.19%"
"03/09/2023","3.907","3.980","4.019","3.894","-2.06%"
"03/08/2023","3.989","3.981","4.011","3.899","0.50%"
"03/07/2023","3.970","3.967","4.007","3.919","0.15%"
"03/06/2023","3.964","3.965","3.989","3.897","0.15%"
"03/03/2023","3.958","4.068","4.069","3.954","-2.56%"
"03/02/2023","4.062","3.994","4.091","3.990","1.68%"
"03/01/2023","3.994","3.938","4.010","3.914","1.70%"
"02/28/2023","3.928","3.924","3.983","3.899","0.15%"
"02/27/2023","3.922","3.934","3.978","3.897","-0.64%"
"02/24/2023","3.947","3.885","3.978","3.854","1.46%"
"02/23/2023","3.890","3.921","3.978","3.863","-0.94%"
"02/22/2023","3.927","3.957","3.968","3.890","-0.69%"
"02/21/2023","3.954","3.851","3.962","3.840","2.68%"
"02/20/2023","3.851","3.849","3.851","3.849","0.91%"
"02/17/2023","3.817","3.863","3.929","3.813","-1.19%"
"02/16/2023","3.863","3.818","3.872","3.769","1.58%"
"02/15/2023","3.803","3.745","3.822","3.726","1.33%"
"02/14/2023","3.753","3.711","3.799","3.622","1.34%"
"02/13/2023","3.704","3.743","3.755","3.702","-1.07%"
"02/10/2023","3.743","3.675","3.751","3.658","2.18%"
"02/09/2023","3.664","3.601","3.690","3.575","1.33%"
"02/08/2023","3.615","3.672","3.692","3.614","-1.73%"
"02/07/2023","3.679","3.644","3.690","3.597","0.98%"
"02/06/2023","3.644","3.562","3.655","3.536","3.54%"
"02/03/2023","3.519","3.391","3.556","3.365","3.45%"
"02/02/2023","3.402","3.422","3.426","3.333","-0.43%"
"02/01/2023","3.417","3.516","3.520","3.387","-2.67%"
"01/31/2023","3.510","3.546","3.553","3.487","-0.89%"
"01/30/2023","3.542","3.511","3.574","3.494","1.00%"
"01/27/2023","3.507","3.506","3.565","3.502","0.04%"
"01/26/2023","3.506","3.442","3.520","3.436","1.59%"
"01/25/2023","3.451","3.449","3.489","3.420","-0.11%"
"01/24/2023","3.455","3.513","3.556","3.453","-1.88%"
"01/23/2023","3.521","3.486","3.549","3.464","1.11%"
"01/20/2023","3.482","3.399","3.501","3.390","2.46%"
"01/19/2023","3.399","3.379","3.428","3.321","0.75%"
"01/18/2023","3.373","3.546","3.562","3.368","-4.96%"
"01/17/2023","3.549","3.527","3.585","3.496","0.57%"
"01/16/2023","3.529","3.524","3.529","3.524","0.89%"
"01/13/2023","3.498","3.447","3.514","3.418","1.58%"
"01/12/2023","3.444","3.552","3.591","3.424","-2.80%"
"01/11/2023","3.543","3.608","3.613","3.528","-2.00%"
"01/10/2023","3.615","3.534","3.639","3.521","2.51%"
"01/09/2023","3.527","3.578","3.610","3.508","-0.94%"
"01/06/2023","3.560","3.727","3.755","3.551","-4.35%"
"01/05/2023","3.722","3.698","3.784","3.683","0.86%"
"01/04/2023","3.690","3.758","3.763","3.664","-1.65%"
"01/03/2023","3.752","3.848","3.848","3.724","-3.26%"
"01/02/2023","3.879","3.879","3.879","3.879","0.00%"
"12/30/2022","3.879","3.826","3.905","3.820","1.53%"
"12/29/2022","3.820","3.873","3.886","3.816","-1.71%"
"12/28/2022","3.886","3.847","3.892","3.805","0.98%"
"12/27/2022","3.849","3.745","3.862","3.727","2.81%"
"12/26/2022","3.743","3.745","3.745","3.743","-0.20%"
"12/23/2022","3.751","3.682","3.753","3.676","1.76%"
"12/22/2022","3.686","3.666","3.692","3.628","0.35%"
"12/21/2022","3.673","3.705","3.722","3.621","-0.51%"
"12/20/2022","3.692","3.596","3.711","3.583","2.83%"
"12/19/2022","3.590","3.510","3.601","3.497","2.94%"
"12/16/2022","3.488","3.464","3.557","3.459","1.09%"
"12/15/2022","3.450","3.497","3.523","3.428","-0.84%"
"12/14/2022","3.479","3.499","3.561","3.461","-0.63%"
"12/13/2022","3.501","3.608","3.630","3.421","-3.20%"
"12/12/2022","3.617","3.586","3.632","3.520","0.87%"
"12/09/2022","3.586","3.489","3.595","3.452","2.76%"
"12/08/2022","3.489","3.435","3.506","3.435","2.01%"
"12/07/2022","3.421","3.542","3.559","3.402","-3.14%"
"12/06/2022","3.531","3.586","3.606","3.508","-1.43%"
"12/05/2022","3.583","3.519","3.612","3.502","2.61%"
"12/02/2022","3.492","3.514","3.638","3.474","-0.53%"
"12/01/2022","3.510","3.620","3.640","3.505","-2.79%"
"11/30/2022","3.611","3.748","3.798","3.600","-3.70%"
"11/29/2022","3.750","3.692","3.763","3.648","1.91%"
"11/28/2022","3.679","3.692","3.720","3.620","-0.30%"
"11/25/2022","3.691","3.661","3.756","3.650","0.80%"
"11/24/2022","3.661","3.659","3.661","3.659","-0.75%"
"11/23/2022","3.689","3.829","3.799","3.689","-1.83%"
"11/22/2022","3.758","3.832","3.832","3.747","-2.14%"
"11/21/2022","3.840","3.816","3.844","3.762","0.29%"
"11/18/2022","3.829","3.788","3.833","3.745","1.58%"
"11/17/2022","3.769","3.694","3.805","3.681","2.15%"
"11/16/2022","3.690","3.777","3.844","3.671","-2.31%"
"11/15/2022","3.777","3.867","3.882","3.757","-2.23%"
"11/14/2022","3.863","3.895","3.906","3.848","1.38%"
"11/10/2022","3.811","4.092","4.117","3.807","-7.03%"
"11/09/2022","4.099","4.130","4.176","4.057","-0.70%"
"11/08/2022","4.128","4.224","4.243","4.121","-2.14%"
"11/07/2022","4.218","4.161","4.226","4.123","1.32%"
"11/04/2022","4.163","4.164","4.209","4.102","0.33%"
"11/03/2022","4.149","4.118","4.223","4.086","1.29%"
"11/02/2022","4.096","4.048","4.115","3.974","1.19%"
"11/01/2022","4.048","4.058","4.079","3.920","-0.04%"
"10/31/2022","4.050","4.016","4.112","4.016","0.99%"
"10/28/2022","4.010","3.929","4.050","3.911","2.12%"
"10/27/2022","3.927","4.011","4.086","3.898","-2.00%"
"10/26/2022","4.007","4.090","4.113","3.994","-2.27%"
"10/25/2022","4.100","4.226","4.232","4.052","-3.45%"
"10/24/2022","4.247","4.206","4.291","4.127","0.66%"
"10/21/2022","4.219","4.226","4.338","4.200","-0.32%"
"10/20/2022","4.233","4.142","4.243","4.098","2.29%"
"10/19/2022","4.138","4.013","4.140","4.009","3.27%"
"10/18/2022","4.007","3.998","4.067","3.961","-0.15%"
"10/17/2022","4.012","4.002","4.027","3.910","-0.25%"
"10/14/2022","4.023","3.964","4.031","3.851","1.85%"
"10/13/2022","3.950","3.906","4.080","3.842","1.21%"
"10/12/2022","3.902","3.951","3.978","3.884","-1.08%"
"10/11/2022","3.945","3.957","4.006","3.867","-0.25%"
"10/10/2022","3.955","3.951","3.957","3.951","1.73%"
"10/07/2022","3.888","3.819","3.910","3.818","1.56%"
"10/06/2022","3.828","3.749","3.846","3.731","1.94%"
"10/05/2022","3.755","3.625","3.789","3.615","3.30%"
"10/04/2022","3.635","3.615","3.659","3.562","-0.21%"
"10/03/2022","3.643","3.813","3.819","3.568","-4.86%"
"09/30/2022","3.829","3.783","3.843","3.682","1.25%"
"09/29/2022","3.782","3.753","3.868","3.721","1.19%"
"09/28/2022","3.737","3.947","4.019","3.695","-5.37%"
"09/27/2022","3.949","3.912","3.992","3.801","0.53%"
"09/26/2022","3.928","3.734","3.933","3.714","6.56%"
"09/23/2022","3.687","3.714","3.829","3.659","-0.63%"
"09/22/2022","3.710","3.546","3.718","3.514","4.98%"
"09/21/2022","3.534","3.563","3.640","3.499","-0.98%"
"09/20/2022","3.569","3.492","3.604","3.473","2.13%"
"09/19/2022","3.494","3.448","3.518","3.448","1.13%"
"09/16/2022","3.455","3.447","3.492","3.415","0.19%"
"09/15/2022","3.449","3.402","3.468","3.402","1.31%"
"09/14/2022","3.404","3.418","3.476","3.383","-0.22%"
"09/13/2022","3.412","3.346","3.460","3.293","1.61%"
"09/12/2022","3.358","3.315","3.377","3.262","1.28%"
"09/09/2022","3.315","3.319","3.333","3.247","-0.22%"
"09/08/2022","3.323","3.271","3.328","3.201","1.70%"
"09/07/2022","3.267","3.343","3.365","3.250","-2.50%"
"09/06/2022","3.351","3.223","3.355","3.208","3.96%"
"09/05/2022","3.223","3.227","3.227","3.221","0.89%"
"09/02/2022","3.195","3.265","3.290","3.174","-1.96%"
"09/01/2022","3.259","3.198","3.297","3.183","1.96%"
"08/31/2022","3.196","3.108","3.198","3.091","2.72%"
"08/30/2022","3.112","3.097","3.153","3.050","-0.06%"
"08/29/2022","3.114","3.069","3.130","3.069","2.77%"
"08/26/2022","3.030","3.035","3.087","3.007","-0.06%"
"08/25/2022","3.031","3.109","3.128","3.020","-2.51%"
"08/24/2022","3.109","3.055","3.126","3.022","1.71%"
"08/23/2022","3.057","3.026","3.078","2.983","1.10%"
"08/22/2022","3.024","2.989","3.040","2.943","1.61%"
"08/19/2022","2.976","2.875","2.998","2.875","3.12%"
"08/18/2022","2.886","2.899","2.913","2.835","-0.56%"
"08/17/2022","2.902","2.820","2.919","2.808","3.37%"
"08/16/2022","2.808","2.779","2.873","2.772","0.52%"
"08/15/2022","2.793","2.839","2.864","2.759","-1.72%"
"08/12/2022","2.842","2.888","2.906","2.835","-1.64%"
"08/11/2022","2.889","2.791","2.902","2.730","3.76%"
"08/10/2022","2.785","2.788","2.818","2.674","0.20%"
"08/09/2022","2.779","2.750","2.816","2.746","1.06%"
"08/08/2022","2.750","2.834","2.853","2.739","-2.72%"
"08/05/2022","2.827","2.677","2.869","2.674","4.94%"
"08/04/2022","2.694","2.717","2.745","2.656","-0.47%"
"08/03/2022","2.706","2.745","2.851","2.699","-1.52%"
"08/02/2022","2.748","2.568","2.774","2.516","6.21%"
"08/01/2022","2.588","2.669","2.696","2.575","-2.64%"
"07/29/2022","2.658","2.678","2.728","2.618","-0.48%"
"07/28/2022","2.671","2.759","2.827","2.649","-4.11%"
"07/27/2022","2.785","2.801","2.820","2.723","-0.65%"
"07/26/2022","2.803","2.801","2.810","2.707","-0.13%"
"07/25/2022","2.807","2.783","2.845","2.772","1.92%"
"07/22/2022","2.754","2.878","2.904","2.732","-4.44%"
"07/21/2022","2.882","3.021","3.083","2.871","-4.89%"
"07/20/2022","3.030","3.028","3.042","2.943","0.06%"
"07/19/2022","3.028","2.986","3.038","2.956","1.31%"
"07/18/2022","2.989","2.919","3.019","2.911","2.09%"
"07/15/2022","2.928","2.956","2.973","2.899","-1.00%"
"07/14/2022","2.958","2.941","3.028","2.911","0.75%"
"07/13/2022","2.935","2.965","3.071","2.899","-1.18%"
"07/12/2022","2.971","2.989","2.989","2.899","-0.74%"
"07/11/2022","2.993","3.097","3.103","2.967","-2.84%"
"07/08/2022","3.080","3.000","3.101","2.967","2.67%"
"07/07/2022","3.000","2.932","3.017","2.897","2.27%"
"07/06/2022","2.934","2.825","2.935","2.746","4.09%"
"07/05/2022","2.818","2.930","2.978","2.780","-3.87%"
"07/04/2022","2.932","2.930","2.934","2.930","1.46%"
"07/01/2022","2.889","3.024","3.028","2.791","-4.22%"
"06/30/2022","3.017","3.078","3.108","2.970","-2.29%"
"06/29/2022","3.087","3.179","3.187","3.087","-2.83%"
"06/28/2022","3.177","3.202","3.259","3.171","-0.76%"
"06/27/2022","3.202","3.134","3.219","3.121","2.04%"
"06/24/2022","3.138","3.079","3.141","3.039","1.58%"
"06/23/2022","3.089","3.152","3.175","3.005","-2.25%"
"06/22/2022","3.160","3.284","3.284","3.124","-3.62%"
"06/21/2022","3.279","3.275","3.317","3.258","0.06%"
"06/20/2022","3.277","3.277","3.277","3.277","1.41%"
"06/17/2022","3.231","3.227","3.313","3.194","1.13%"
"06/16/2022","3.195","3.303","3.495","3.178","-2.93%"
"06/15/2022","3.292","3.448","3.464","3.280","-5.39%"
"06/14/2022","3.479","3.379","3.498","3.267","3.49%"
"06/13/2022","3.362","3.172","3.440","3.155","6.22%"
"06/10/2022","3.165","3.055","3.178","2.990","3.92%"
"06/09/2022","3.046","3.034","3.073","3.007","0.61%"
"06/08/2022","3.027","2.986","3.042","2.983","1.61%"
"06/07/2022","2.979","3.044","3.064","2.957","-2.00%"
"06/06/2022","3.040","2.935","3.049","2.933","3.38%"
"06/03/2022","2.941","2.915","2.986","2.906","0.94%"
"06/02/2022","2.913","2.911","2.944","2.889","0.06%"
"06/01/2022","2.911","2.864","2.951","2.833","2.17%"
"05/31/2022","2.849","2.810","2.884","2.799","1.35%"
"05/30/2022","2.812","2.815","2.815","2.812","2.49%"
"05/27/2022","2.743","2.752","2.769","2.709","0.06%"
"05/26/2022","2.742","2.743","2.797","2.706","-0.33%"
"05/25/2022","2.751","2.756","2.776","2.708","-0.13%"
"05/24/2022","2.754","2.844","2.864","2.718","-3.72%"
"05/23/2022","2.861","2.806","2.873","2.797","2.59%"
"05/20/2022","2.788","2.848","2.880","2.774","-1.72%"
"05/19/2022","2.837","2.864","2.922","2.772","-1.63%"
"05/18/2022","2.884","2.988","3.015","2.873","-3.71%"
"05/17/2022","2.995","2.886","2.997","2.875","3.79%"
"05/16/2022","2.886","2.940","2.953","2.853","-1.43%"
"05/13/2022","2.928","2.862","2.944","2.852","2.54%"
"05/12/2022","2.855","2.911","2.911","2.816","-2.38%"
"05/11/2022","2.925","2.991","3.076","2.907","-2.15%"
"05/10/2022","2.989","3.034","3.072","2.942","-1.48%"
"05/09/2022","3.034","3.142","3.203","3.028","-3.46%"
"05/06/2022","3.142","3.052","3.146","3.039","3.55%"
"05/05/2022","3.035","2.964","3.108","2.925","3.00%"
"05/04/2022","2.946","3.001","3.011","2.901","-1.10%"
"05/03/2022","2.979","2.991","3.010","2.913","0.07%"
"05/02/2022","2.977","2.932","3.010","2.907","1.34%"
"04/29/2022","2.938","2.854","2.943","2.831","3.72%"
"04/28/2022","2.832","2.834","2.888","2.796","0.22%"
"04/27/2022","2.826","2.740","2.839","2.715","3.59%"
"04/26/2022","2.728","2.818","2.866","2.724","-3.19%"
"04/25/2022","2.818","2.889","2.895","2.760","-2.98%"
"04/22/2022","2.905","2.929","2.974","2.864","-0.11%"
"04/21/2022","2.908","2.836","2.954","2.836","2.60%"
"04/20/2022","2.834","2.960","2.981","2.819","-3.61%"
"04/19/2022","2.940","2.849","2.948","2.836","2.92%"
"04/18/2022","2.857","2.847","2.884","2.810","1.03%"
"04/14/2022","2.828","2.699","2.835","2.648","4.63%"
"04/13/2022","2.703","2.727","2.790","2.646","-0.90%"
"04/12/2022","2.727","2.803","2.836","2.674","-1.70%"
"04/11/2022","2.774","2.723","2.793","2.711","2.61%"
"04/08/2022","2.704","2.647","2.730","2.624","1.44%"
"04/07/2022","2.665","2.594","2.673","2.555","2.61%"
"04/06/2022","2.598","2.566","2.659","2.566","1.69%"
"04/05/2022","2.554","2.393","2.567","2.384","6.73%"
"04/04/2022","2.393","2.408","2.434","2.369","0.16%"
"04/01/2022","2.389","2.352","2.456","2.352","1.89%"
"03/31/2022","2.345","2.345","2.365","2.309","-0.54%"
"03/30/2022","2.358","2.400","2.435","2.334","-1.67%"
"03/29/2022","2.398","2.442","2.535","2.380","-2.75%"
"03/28/2022","2.466","2.473","2.557","2.414","-0.88%"
"03/25/2022","2.488","2.372","2.503","2.339","4.98%"
"03/24/2022","2.370","2.306","2.397","2.304","3.50%"
"03/23/2022","2.290","2.392","2.417","2.286","-3.82%"
"03/22/2022","2.381","2.293","2.392","2.293","3.65%"
"03/21/2022","2.297","2.149","2.320","2.148","6.68%"
"03/18/2022","2.153","2.158","2.190","2.133","-0.65%"
"03/17/2022","2.167","2.185","2.214","2.106","-1.14%"
"03/16/2022","2.192","2.149","2.246","2.135","2.00%"
"03/15/2022","2.149","2.135","2.169","2.078","0.34%"
"03/14/2022","2.142","2.034","2.147","2.025","7.26%"
"03/11/2022","1.997","1.990","2.022","1.960","0.18%"
"03/10/2022","1.993","1.951","2.021","1.911","2.15%"
"03/09/2022","1.951","1.865","1.957","1.837","6.03%"
"03/08/2022","1.840","1.773","1.878","1.758","3.58%"
"03/07/2022","1.777","1.683","1.806","1.668","2.26%"
"03/04/2022","1.737","1.854","1.854","1.698","-5.60%"
"03/03/2022","1.840","1.852","1.897","1.830","-2.02%"
"03/02/2022","1.878","1.741","1.910","1.700","9.49%"
"03/01/2022","1.716","1.840","1.866","1.682","-5.82%"
"02/28/2022","1.822","1.892","1.927","1.816","-7.55%"
"02/25/2022","1.970","1.972","2.016","1.934","0.00%"
"02/24/2022","1.970","1.970","1.981","1.846","-1.40%"
"02/23/2022","1.998","1.949","2.000","1.949","2.78%"
"02/22/2022","1.944","1.875","1.960","1.846","3.78%"
"02/21/2022","1.873","1.868","1.873","1.868","-2.78%"
"02/18/2022","1.927","1.954","1.995","1.916","-2.11%"
"02/17/2022","1.968","2.024","2.035","1.953","-3.51%"
"02/16/2022","2.040","2.040","2.065","2.007","-0.17%"
"02/15/2022","2.043","1.984","2.056","1.968","2.90%"
"02/14/2022","1.986","1.967","2.026","1.903","3.53%"
"02/11/2022","1.918","2.033","2.063","1.913","-6.13%"
"02/10/2022","2.043","1.939","2.056","1.923","5.04%"
"02/09/2022","1.945","1.954","1.958","1.909","-1.01%"
"02/08/2022","1.965","1.921","1.970","1.921","2.37%"
"02/07/2022","1.919","1.908","1.939","1.896","0.20%"
"02/04/2022","1.916","1.834","1.936","1.809","4.34%"
"02/03/2022","1.836","1.759","1.847","1.757","3.64%"
"02/02/2022","1.771","1.798","1.811","1.743","-1.29%"
"02/01/2022","1.795","1.787","1.820","1.739","0.61%"
"01/31/2022","1.784","1.789","1.816","1.770","0.30%"
"01/28/2022","1.778","1.808","1.854","1.771","-1.36%"
"01/27/2022","1.803","1.851","1.862","1.782","-3.72%"
"01/26/2022","1.873","1.778","1.880","1.765","5.44%"
"01/25/2022","1.776","1.769","1.797","1.728","0.00%"
"01/24/2022","1.776","1.772","1.785","1.707","0.31%"
"01/21/2022","1.770","1.791","1.801","1.733","-2.24%"
"01/20/2022","1.811","1.863","1.870","1.804","-2.31%"
"01/19/2022","1.854","1.873","1.902","1.822","-1.14%"
"01/18/2022","1.875","1.807","1.881","1.807","3.67%"
"01/17/2022","1.809","1.813","1.813","1.809","0.89%"
"01/14/2022","1.793","1.720","1.795","1.706","5.43%"
"01/13/2022","1.701","1.748","1.760","1.694","-2.92%"
"01/12/2022","1.752","1.743","1.753","1.711","0.31%"
"01/11/2022","1.746","1.769","1.785","1.737","-0.50%"
"01/10/2022","1.755","1.767","1.808","1.750","-0.59%"
"01/07/2022","1.765","1.725","1.801","1.711","2.16%"
"01/06/2022","1.728","1.700","1.753","1.686","1.66%"
"01/05/2022","1.700","1.656","1.712","1.640","3.09%"
"01/04/2022","1.649","1.617","1.686","1.614","0.75%"
"01/03/2022","1.637","1.531","1.642","1.529","8.26%"
"12/31/2021","1.512","1.512","1.526","1.491","0.35%"
"12/30/2021","1.507","1.551","1.553","1.501","-3.21%"
"12/29/2021","1.556","1.477","1.560","1.470","4.87%"
"12/28/2021","1.484","1.479","1.491","1.455","0.47%"
"12/27/2021","1.477","1.486","1.498","1.476","-1.03%"
"12/23/2021","1.493","1.457","1.501","1.452","2.71%"
"12/22/2021","1.453","1.450","1.486","1.448","-0.93%"
"12/21/2021","1.467","1.421","1.498","1.414","2.75%"
"12/20/2021","1.428","1.375","1.429","1.353","1.45%"
"12/17/2021","1.407","1.424","1.434","1.372","-1.19%"
"12/16/2021","1.424","1.462","1.482","1.412","-2.34%"
"12/15/2021","1.458","1.443","1.484","1.424","1.19%"
"12/14/2021","1.441","1.426","1.472","1.419","1.92%"
"12/13/2021","1.414","1.494","1.508","1.412","-4.60%"
"12/10/2021","1.482","1.501","1.520","1.451","-1.02%"
"12/09/2021","1.497","1.521","1.535","1.472","-2.02%"
"12/08/2021","1.528","1.472","1.537","1.427","3.12%"
"12/07/2021","1.482","1.429","1.487","1.427","3.45%"
"12/06/2021","1.433","1.378","1.443","1.370","5.61%"
"12/03/2021","1.356","1.431","1.472","1.335","-6.09%"
"12/02/2021","1.444","1.421","1.466","1.409","2.89%"
"12/01/2021","1.404","1.477","1.506","1.402","-3.61%"
"11/30/2021","1.456","1.511","1.524","1.412","-3.06%"
"11/29/2021","1.502","1.531","1.565","1.497","1.38%"
"11/26/2021","1.482","1.598","1.601","1.473","-7.18%"
"11/25/2021","1.596","1.601","1.603","1.596","-2.83%"
"11/24/2021","1.643","1.665","1.693","1.627","-1.96%"
"11/23/2021","1.676","1.624","1.684","1.615","2.65%"
"11/22/2021","1.632","1.560","1.634","1.546","5.45%"
"11/19/2021","1.548","1.587","1.608","1.515","-2.48%"
"11/18/2021","1.587","1.599","1.613","1.574","0.11%"
"11/17/2021","1.585","1.644","1.649","1.584","-3.35%"
"11/16/2021","1.640","1.618","1.646","1.594","1.38%"
"11/15/2021","1.618","1.575","1.632","1.541","3.06%"
"11/12/2021","1.570","1.577","1.589","1.541","-0.54%"
"11/11/2021","1.578","1.585","1.585","1.578","0.54%"
"11/10/2021","1.570","1.463","1.592","1.454","9.07%"
"11/09/2021","1.439","1.490","1.490","1.415","-3.61%"
"11/08/2021","1.493","1.464","1.504","1.460","2.64%"
"11/05/2021","1.455","1.545","1.552","1.436","-4.90%"
"11/04/2021","1.530","1.593","1.609","1.509","-4.60%"
"11/03/2021","1.603","1.554","1.609","1.519","3.65%"
"11/02/2021","1.547","1.568","1.573","1.528","-0.90%"
"11/01/2021","1.561","1.575","1.605","1.554","0.00%"
"10/29/2021","1.561","1.568","1.619","1.536","-1.10%"
"10/28/2021","1.578","1.541","1.584","1.530","1.81%"
"10/27/2021","1.550","1.617","1.634","1.520","-3.70%"
"10/26/2021","1.610","1.636","1.654","1.609","-1.40%"
"10/25/2021","1.633","1.648","1.673","1.620","-0.32%"
"10/22/2021","1.638","1.692","1.699","1.634","-3.43%"
"10/21/2021","1.696","1.665","1.705","1.638","2.14%"
"10/20/2021","1.660","1.658","1.673","1.620","1.19%"
"10/19/2021","1.641","1.591","1.646","1.566","3.10%"
"10/18/2021","1.591","1.589","1.627","1.576","1.12%"
"10/15/2021","1.574","1.519","1.579","1.518","3.81%"
"10/14/2021","1.516","1.547","1.566","1.507","-1.69%"
"10/13/2021","1.542","1.572","1.602","1.526","-1.88%"
"10/12/2021","1.572","1.629","1.631","1.565","-3.44%"
"10/11/2021","1.628","1.622","1.628","1.622","0.98%"
"10/08/2021","1.612","1.585","1.617","1.558","2.25%"
"10/07/2021","1.576","1.531","1.580","1.512","3.19%"
"10/06/2021","1.528","1.536","1.573","1.508","0.00%"
"10/05/2021","1.528","1.486","1.540","1.472","3.17%"
"10/04/2021","1.481","1.460","1.508","1.453","1.06%"
"10/01/2021","1.465","1.501","1.510","1.462","-1.84%"
"09/30/2021","1.492","1.510","1.557","1.484","-2.04%"
"09/29/2021","1.524","1.550","1.560","1.494","-1.46%"
"09/28/2021","1.546","1.484","1.567","1.475","3.72%"
"09/27/2021","1.491","1.465","1.516","1.442","2.62%"
"09/24/2021","1.453","1.428","1.466","1.405","1.21%"
"09/23/2021","1.435","1.309","1.437","1.309","10.07%"
"09/22/2021","1.304","1.316","1.345","1.296","-1.79%"
"09/21/2021","1.328","1.311","1.346","1.304","1.17%"
"09/20/2021","1.312","1.362","1.372","1.297","-3.73%"
"09/17/2021","1.363","1.339","1.385","1.326","2.04%"
"09/16/2021","1.336","1.304","1.351","1.294","2.47%"
"09/15/2021","1.304","1.287","1.321","1.260","1.58%"
"09/14/2021","1.284","1.326","1.350","1.263","-3.19%"
"09/13/2021","1.326","1.343","1.350","1.316","-1.26%"
"09/10/2021","1.343","1.304","1.355","1.300","3.52%"
"09/09/2021","1.297","1.338","1.346","1.287","-2.90%"
"09/08/2021","1.336","1.368","1.377","1.327","-2.96%"
"09/07/2021","1.377","1.336","1.385","1.336","3.05%"
"09/06/2021","1.336","1.334","1.336","1.334","0.77%"
"09/03/2021","1.326","1.292","1.336","1.267","3.15%"
"09/02/2021","1.285","1.304","1.305","1.283","-1.04%"
"09/01/2021","1.299","1.317","1.334","1.283","-0.64%"
"08/31/2021","1.307","1.280","1.316","1.270","2.10%"
"08/30/2021","1.280","1.307","1.316","1.278","-2.30%"
"08/27/2021","1.310","1.347","1.359","1.300","-3.23%"
"08/26/2021","1.354","1.344","1.375","1.332","0.38%"
"08/25/2021","1.349","1.295","1.352","1.283","4.02%"
"08/24/2021","1.297","1.257","1.299","1.257","3.48%"
"08/23/2021","1.253","1.260","1.283","1.252","-0.14%"
"08/20/2021","1.255","1.243","1.267","1.227","0.94%"
"08/19/2021","1.243","1.263","1.267","1.220","-1.33%"
"08/18/2021","1.260","1.260","1.300","1.255","-0.53%"
"08/17/2021","1.267","1.263","1.273","1.217","-0.13%"
"08/16/2021","1.268","1.285","1.285","1.223","-1.17%"
"08/13/2021","1.283","1.357","1.364","1.280","-5.68%"
"08/12/2021","1.361","1.345","1.379","1.334","1.89%"
"08/11/2021","1.335","1.357","1.378","1.302","-1.38%"
"08/10/2021","1.354","1.322","1.357","1.307","2.17%"
"08/09/2021","1.325","1.297","1.331","1.268","1.54%"
"08/06/2021","1.305","1.227","1.305","1.225","6.54%"
"08/05/2021","1.225","1.190","1.229","1.169","3.80%"
"08/04/2021","1.180","1.177","1.215","1.127","0.56%"
"08/03/2021","1.174","1.181","1.200","1.154","-0.43%"
"08/02/2021","1.179","1.237","1.245","1.151","-3.81%"
"07/30/2021","1.226","1.263","1.264","1.224","-3.18%"
"07/29/2021","1.266","1.239","1.284","1.231","2.28%"
"07/28/2021","1.238","1.243","1.278","1.226","-0.14%"
"07/27/2021","1.239","1.290","1.290","1.229","-4.26%"
"07/26/2021","1.295","1.283","1.296","1.221","1.04%"
"07/23/2021","1.281","1.268","1.311","1.268","0.37%"
"07/22/2021","1.277","1.288","1.317","1.233","-1.17%"
"07/21/2021","1.292","1.227","1.303","1.194","5.72%"
"07/20/2021","1.222","1.209","1.225","1.128","1.93%"
"07/19/2021","1.199","1.270","1.290","1.174","-7.81%"
"07/16/2021","1.300","1.302","1.336","1.292","0.00%"
"07/15/2021","1.301","1.346","1.349","1.292","-3.60%"
"07/14/2021","1.349","1.415","1.423","1.347","-4.87%"
"07/13/2021","1.418","1.366","1.422","1.343","3.69%"
"07/12/2021","1.368","1.361","1.376","1.326","0.48%"
"07/09/2021","1.361","1.306","1.363","1.306","5.15%"
"07/08/2021","1.294","1.320","1.321","1.250","-2.15%"
"07/07/2021","1.323","1.357","1.368","1.296","-2.12%"
"07/06/2021","1.352","1.439","1.449","1.348","-5.86%"
"07/05/2021","1.436","1.437","1.437","1.436","0.35%"
"07/02/2021","1.431","1.468","1.471","1.426","-1.98%"
"07/01/2021","1.459","1.470","1.485","1.454","-0.58%"
"06/30/2021","1.468","1.477","1.485","1.438","-0.46%"
"06/29/2021","1.475","1.483","1.510","1.471","-0.46%"
"06/28/2021","1.482","1.528","1.534","1.471","-2.79%"
"06/25/2021","1.524","1.494","1.544","1.478","1.69%"
"06/24/2021","1.499","1.485","1.505","1.477","0.91%"
"06/23/2021","1.485","1.468","1.499","1.458","1.27%"
"06/22/2021","1.467","1.494","1.509","1.462","-2.04%"
"06/21/2021","1.497","1.440","1.497","1.354","3.74%"
"06/18/2021","1.443","1.516","1.524","1.438","-4.48%"
"06/17/2021","1.511","1.587","1.594","1.472","-4.41%"
"06/16/2021","1.581","1.496","1.594","1.482","6.15%"
"06/15/2021","1.489","1.494","1.513","1.480","-0.56%"
"06/14/2021","1.497","1.462","1.502","1.455","3.01%"
"06/11/2021","1.454","1.442","1.472","1.428","1.16%"
"06/10/2021","1.437","1.491","1.535","1.435","-3.72%"
"06/09/2021","1.492","1.536","1.536","1.472","-2.97%"
"06/08/2021","1.538","1.570","1.574","1.513","-1.95%"
"06/07/2021","1.569","1.567","1.582","1.564","0.76%"
"06/04/2021","1.557","1.628","1.635","1.555","-4.20%"
"06/03/2021","1.625","1.586","1.630","1.584","2.25%"
"06/02/2021","1.589","1.613","1.622","1.587","-1.06%"
"06/01/2021","1.606","1.608","1.639","1.605","-0.21%"
"05/31/2021","1.610","1.608","1.610","1.608","1.83%"
"05/28/2021","1.581","1.615","1.623","1.577","-1.59%"
"05/27/2021","1.606","1.581","1.625","1.571","1.61%"
"05/26/2021","1.581","1.564","1.582","1.552","1.31%"
"05/25/2021","1.560","1.608","1.610","1.554","-2.65%"
"05/24/2021","1.603","1.620","1.627","1.596","-1.26%"
"05/21/2021","1.623","1.635","1.640","1.613","-0.31%"
"05/20/2021","1.628","1.673","1.680","1.625","-2.85%"
"05/19/2021","1.676","1.642","1.692","1.620","2.19%"
"05/18/2021","1.640","1.647","1.657","1.628","-0.72%"
"05/17/2021","1.652","1.635","1.652","1.605","1.04%"
"05/14/2021","1.635","1.663","1.668","1.625","-1.44%"
"05/13/2021","1.659","1.702","1.707","1.651","-2.03%"
"05/12/2021","1.693","1.629","1.701","1.609","4.42%"
"05/11/2021","1.622","1.602","1.631","1.586","1.12%"
"05/10/2021","1.604","1.586","1.609","1.559","1.58%"
"05/07/2021","1.579","1.566","1.584","1.469","0.59%"
"05/06/2021","1.570","1.580","1.591","1.557","-0.11%"
"05/05/2021","1.571","1.592","1.626","1.568","-1.21%"
"05/04/2021","1.591","1.605","1.624","1.557","-0.55%"
"05/03/2021","1.599","1.631","1.655","1.578","-1.63%"
"04/30/2021","1.626","1.645","1.659","1.620","-0.95%"
"04/29/2021","1.641","1.615","1.690","1.615","1.89%"
"04/28/2021","1.611","1.620","1.661","1.608","-0.87%"
"04/27/2021","1.625","1.570","1.630","1.570","3.62%"
"04/26/2021","1.568","1.563","1.599","1.556","0.57%"
"04/23/2021","1.559","1.547","1.582","1.531","1.16%"
"04/22/2021","1.542","1.554","1.587","1.531","-1.12%"
"04/21/2021","1.559","1.564","1.586","1.554","-0.45%"
"04/20/2021","1.566","1.598","1.633","1.557","-2.73%"
"04/19/2021","1.610","1.578","1.617","1.552","1.23%"
"04/16/2021","1.590","1.565","1.599","1.552","1.03%"
"04/15/2021","1.574","1.641","1.646","1.528","-3.67%"
"04/14/2021","1.634","1.615","1.650","1.611","0.88%"
"04/13/2021","1.620","1.676","1.703","1.616","-2.97%"
"04/12/2021","1.669","1.674","1.685","1.644","0.44%"
"04/09/2021","1.662","1.633","1.687","1.621","2.20%"
"04/08/2021","1.626","1.669","1.674","1.617","-3.16%"
"04/07/2021","1.679","1.663","1.679","1.628","1.29%"
"04/06/2021","1.658","1.700","1.716","1.653","-2.91%"
"04/05/2021","1.707","1.705","1.745","1.700","2.06%"
"04/02/2021","1.673","1.670","1.729","1.667","0.00%"
"04/01/2021","1.673","1.737","1.753","1.672","-4.04%"
"03/31/2021","1.744","1.717","1.753","1.708","1.99%"
"03/30/2021","1.710","1.713","1.776","1.706","-0.41%"
"03/29/2021","1.717","1.672","1.728","1.635","2.56%"
"03/26/2021","1.674","1.626","1.681","1.619","2.51%"
"03/25/2021","1.633","1.612","1.642","1.591","1.21%"
"03/24/2021","1.614","1.615","1.651","1.589","-0.53%"
"03/23/2021","1.622","1.682","1.702","1.615","-4.27%"
"03/22/2021","1.695","1.707","1.709","1.663","-2.04%"
"03/19/2021","1.730","1.710","1.750","1.671","1.38%"
"03/18/2021","1.706","1.660","1.754","1.629","3.66%"
"03/17/2021","1.646","1.621","1.689","1.616","1.53%"
"03/16/2021","1.621","1.602","1.628","1.585","0.88%"
"03/15/2021","1.607","1.637","1.639","1.595","-1.07%"
"03/12/2021","1.625","1.541","1.642","1.532","5.83%"
"03/11/2021","1.535","1.521","1.547","1.475","0.92%"
"03/10/2021","1.521","1.525","1.566","1.506","-0.45%"
"03/09/2021","1.528","1.589","1.594","1.523","-4.67%"
"03/08/2021","1.603","1.597","1.613","1.575","1.67%"
"03/05/2021","1.577","1.566","1.625","1.535","1.25%"
"03/04/2021","1.557","1.486","1.569","1.450","4.91%"
"03/03/2021","1.484","1.402","1.498","1.398","6.15%"
"03/02/2021","1.398","1.424","1.453","1.390","-1.92%"
"03/01/2021","1.426","1.395","1.460","1.383","1.34%"
"02/26/2021","1.407","1.529","1.558","1.381","-8.08%"
"02/25/2021","1.530","1.379","1.614","1.374","11.52%"
"02/24/2021","1.372","1.343","1.435","1.330","2.16%"
"02/23/2021","1.343","1.369","1.389","1.342","-1.86%"
"02/22/2021","1.369","1.363","1.394","1.326","2.16%"
"02/19/2021","1.340","1.292","1.363","1.282","3.27%"
"02/18/2021","1.297","1.274","1.318","1.258","1.19%"
"02/17/2021","1.282","1.329","1.333","1.269","-2.18%"
"02/16/2021","1.311","1.250","1.317","1.223","4.85%"
"02/15/2021","1.250","1.250","1.250","1.250","3.32%"
"02/12/2021","1.210","1.163","1.213","1.150","3.87%"
"02/11/2021","1.165","1.147","1.166","1.132","3.61%"
"02/10/2021","1.124","1.164","1.176","1.122","-3.10%"
"02/09/2021","1.160","1.164","1.172","1.140","-1.32%"
"02/08/2021","1.176","1.172","1.200","1.150","0.60%"
"02/05/2021","1.169","1.138","1.188","1.129","2.90%"
"02/04/2021","1.136","1.143","1.162","1.131","-0.29%"
"02/03/2021","1.139","1.108","1.141","1.105","4.07%"
"02/02/2021","1.095","1.083","1.118","1.074","1.44%"
"02/01/2021","1.079","1.071","1.089","1.060","0.79%"
"01/29/2021","1.071","1.048","1.105","1.042","1.80%"
"01/28/2021","1.052","1.023","1.072","0.996","3.85%"
"01/27/2021","1.013","1.040","1.050","1.001","-1.97%"
"01/26/2021","1.033","1.043","1.053","1.028","0.00%"
"01/25/2021","1.033","1.096","1.103","1.030","-4.85%"
"01/22/2021","1.086","1.113","1.118","1.080","-2.14%"
"01/21/2021","1.109","1.085","1.123","1.077","3.01%"
"01/20/2021","1.077","1.100","1.107","1.075","-1.39%"
"01/19/2021","1.092","1.102","1.121","1.087","-0.77%"
"01/18/2021","1.100","1.099","1.100","1.099","1.25%"
"01/15/2021","1.087","1.128","1.128","1.084","-3.75%"
"01/14/2021","1.129","1.085","1.138","1.075","3.44%"
"01/13/2021","1.092","1.117","1.134","1.071","-3.31%"
"01/12/2021","1.129","1.146","1.187","1.129","-1.33%"
"01/11/2021","1.144","1.107","1.148","1.097","2.29%"
"01/08/2021","1.119","1.079","1.125","1.075","3.47%"
"01/07/2021","1.081","1.037","1.088","1.029","4.07%"
"01/06/2021","1.039","0.950","1.054","0.945","8.80%"
"01/05/2021","0.955","0.922","0.963","0.916","4.00%"
"01/04/2021","0.918","0.930","0.953","0.906","0.19%"
"12/31/2020","0.916","0.927","0.937","0.911","-1.07%"
"12/30/2020","0.926","0.935","0.956","0.923","-1.42%"
"12/29/2020","0.940","0.936","0.951","0.928","1.80%"
"12/28/2020","0.923","0.940","0.963","0.923","-0.36%"
"12/24/2020","0.926","0.951","0.955","0.921","-1.93%"
"12/23/2020","0.945","0.918","0.973","0.903","2.53%"
"12/22/2020","0.921","0.935","0.940","0.915","-1.77%"
"12/21/2020","0.938","0.938","0.948","0.882","-0.71%"
"12/18/2020","0.945","0.931","0.951","0.915","1.07%"
"12/17/2020","0.935","0.920","0.945","0.891","1.63%"
"12/16/2020","0.920","0.911","0.955","0.901","0.91%"
"12/15/2020","0.911","0.898","0.925","0.885","1.47%"
"12/14/2020","0.898","0.911","0.939","0.888","0.19%"
"12/11/2020","0.896","0.910","0.915","0.873","-1.09%"
"12/10/2020","0.906","0.926","0.941","0.905","-3.35%"
"12/09/2020","0.938","0.931","0.959","0.924","1.79%"
"12/08/2020","0.921","0.928","0.941","0.893","-0.71%"
"12/07/2020","0.928","0.974","0.974","0.924","-4.60%"
"12/04/2020","0.973","0.910","0.986","0.901","6.73%"
"12/03/2020","0.911","0.936","0.946","0.901","-2.82%"
"12/02/2020","0.938","0.923","0.966","0.911","0.89%"
"12/01/2020","0.929","0.847","0.938","0.834","10.34%"
"11/30/2020","0.842","0.845","0.860","0.831","0.00%"
"11/27/2020","0.842","0.859","0.868","0.839","-1.91%"
"11/26/2020","0.859","0.855","0.859","0.855","-2.61%"
"11/25/2020","0.882","0.887","0.900","0.855","-0.36%"
"11/24/2020","0.885","0.872","0.888","0.854","3.05%"
"11/23/2020","0.859","0.832","0.862","0.826","4.16%"
"11/20/2020","0.824","0.820","0.850","0.818","-2.14%"
"11/19/2020","0.842","0.860","0.867","0.831","-3.20%"
"11/18/2020","0.870","0.862","0.893","0.836","0.95%"
"11/17/2020","0.862","0.905","0.916","0.859","-5.40%"
"11/16/2020","0.911","0.900","0.931","0.873","1.47%"
"11/13/2020","0.898","0.885","0.901","0.864","1.66%"
"11/12/2020","0.883","0.952","0.964","0.878","-9.59%"
"11/11/2020","0.977","0.977","0.977","0.977","1.81%"
"11/10/2020","0.960","0.927","0.973","0.908","3.90%"
"11/09/2020","0.924","0.830","0.975","0.798","12.61%"
"11/06/2020","0.820","0.763","0.837","0.758","7.02%"
"11/05/2020","0.766","0.756","0.790","0.718","-0.65%"
"11/04/2020","0.771","0.928","0.945","0.756","-13.91%"
"11/03/2020","0.896","0.852","0.901","0.852","5.18%"
"11/02/2020","0.852","0.855","0.874","0.828","-2.51%"
"10/30/2020","0.874","0.831","0.877","0.805","5.09%"
"10/29/2020","0.831","0.779","0.841","0.769","7.37%"
"10/28/2020","0.774","0.766","0.784","0.746","0.44%"
"10/27/2020","0.771","0.794","0.809","0.768","-3.96%"
"10/26/2020","0.803","0.828","0.831","0.791","-4.59%"
"10/23/2020","0.841","0.858","0.872","0.831","-2.32%"
"10/22/2020","0.861","0.814","0.870","0.804","4.92%"
"10/21/2020","0.821","0.799","0.836","0.797","4.48%"
"10/20/2020","0.786","0.769","0.801","0.764","1.74%"
"10/19/2020","0.772","0.759","0.781","0.754","3.12%"
"10/16/2020","0.749","0.736","0.757","0.721","1.35%"
"10/15/2020","0.739","0.724","0.740","0.691","1.61%"
"10/14/2020","0.727","0.730","0.735","0.709","-0.23%"
"10/13/2020","0.729","0.760","0.769","0.726","-4.56%"
"10/12/2020","0.764","0.764","0.764","0.764","-1.93%"
"10/09/2020","0.779","0.777","0.799","0.760","0.00%"
"10/08/2020","0.779","0.780","0.787","0.762","-0.64%"
"10/07/2020","0.784","0.740","0.797","0.739","6.80%"
"10/06/2020","0.734","0.775","0.792","0.727","-5.76%"
"10/05/2020","0.778","0.710","0.783","0.699","10.60%"
"10/02/2020","0.704","0.682","0.706","0.653","3.64%"
"10/01/2020","0.679","0.689","0.720","0.669","-0.96%"
"09/30/2020","0.686","0.651","0.704","0.641","5.30%"
"09/29/2020","0.651","0.658","0.663","0.641","-0.99%"
"09/28/2020","0.658","0.658","0.674","0.654","0.24%"
"09/25/2020","0.656","0.671","0.679","0.651","-1.71%"
"09/24/2020","0.668","0.674","0.681","0.661","-1.45%"
"09/23/2020","0.677","0.676","0.692","0.656","0.97%"
"09/22/2020","0.671","0.666","0.681","0.659","0.25%"
"09/21/2020","0.669","0.682","0.692","0.648","-4.00%"
"09/18/2020","0.697","0.689","0.699","0.668","1.21%"
"09/17/2020","0.689","0.690","0.692","0.646","-1.40%"
"09/16/2020","0.698","0.672","0.702","0.656","2.65%"
"09/15/2020","0.680","0.674","0.689","0.666","0.73%"
"09/14/2020","0.676","0.672","0.680","0.651","0.99%"
"09/11/2020","0.669","0.680","0.697","0.664","-1.92%"
"09/10/2020","0.682","0.698","0.723","0.677","-2.33%"
"09/09/2020","0.698","0.667","0.710","0.659","2.40%"
"09/08/2020","0.682","0.720","0.721","0.664","-5.24%"
"09/07/2020","0.720","0.720","0.720","0.720","-0.22%"
"09/04/2020","0.721","0.628","0.725","0.628","13.34%"
"09/03/2020","0.636","0.648","0.669","0.604","-1.74%"
"09/02/2020","0.648","0.675","0.693","0.643","-3.63%"
"09/01/2020","0.672","0.713","0.731","0.669","-4.86%"
"08/31/2020","0.706","0.723","0.749","0.692","-2.48%"
"08/28/2020","0.724","0.762","0.789","0.713","-3.90%"
"08/27/2020","0.754","0.685","0.756","0.649","9.50%"
"08/26/2020","0.688","0.687","0.721","0.685","0.00%"
"08/25/2020","0.688","0.656","0.716","0.654","5.21%"
"08/24/2020","0.654","0.632","0.657","0.622","2.81%"
"08/21/2020","0.636","0.649","0.662","0.623","-2.48%"
"08/20/2020","0.652","0.677","0.680","0.638","-4.74%"
"08/19/2020","0.685","0.664","0.690","0.646","2.18%"
"08/18/2020","0.670","0.682","0.688","0.657","-3.05%"
"08/17/2020","0.692","0.713","0.714","0.667","-2.52%"
"08/14/2020","0.709","0.717","0.722","0.690","-1.13%"
"08/13/2020","0.717","0.674","0.727","0.649","6.60%"
"08/12/2020","0.673","0.632","0.691","0.625","4.65%"
"08/11/2020","0.643","0.572","0.661","0.569","10.80%"
"08/10/2020","0.581","0.571","0.581","0.544","2.62%"
"08/07/2020","0.566","0.533","0.569","0.516","5.17%"
"08/06/2020","0.538","0.546","0.556","0.504","-2.09%"
"08/05/2020","0.549","0.512","0.553","0.507","7.35%"
"08/04/2020","0.512","0.556","0.563","0.505","-7.67%"
"08/03/2020","0.554","0.535","0.572","0.535","3.98%"
"07/31/2020","0.533","0.543","0.564","0.520","-2.11%"
"07/30/2020","0.545","0.572","0.579","0.536","-5.66%"
"07/29/2020","0.577","0.579","0.595","0.564","-0.29%"
"07/28/2020","0.579","0.615","0.637","0.576","-5.87%"
"07/27/2020","0.615","0.590","0.618","0.569","4.75%"
"07/24/2020","0.587","0.581","0.597","0.556","1.70%"
"07/23/2020","0.577","0.599","0.600","0.574","-3.83%"
"07/22/2020","0.600","0.605","0.607","0.582","-0.81%"
"07/21/2020","0.605","0.612","0.627","0.594","-1.34%"
"07/20/2020","0.613","0.628","0.630","0.602","-1.57%"
"07/17/2020","0.623","0.617","0.632","0.599","0.79%"
"07/16/2020","0.618","0.628","0.635","0.600","-2.34%"
"07/15/2020","0.633","0.638","0.658","0.617","1.31%"
"07/14/2020","0.625","0.623","0.635","0.600","1.07%"
"07/13/2020","0.618","0.630","0.664","0.617","-3.83%"
"07/10/2020","0.643","0.618","0.648","0.569","4.81%"
"07/09/2020","0.613","0.664","0.666","0.599","-7.88%"
"07/08/2020","0.666","0.646","0.674","0.641","4.11%"
"07/07/2020","0.640","0.679","0.691","0.633","-5.58%"
"07/06/2020","0.678","0.676","0.712","0.674","1.23%"
"07/02/2020","0.669","0.679","0.724","0.664","-0.96%"
"07/01/2020","0.676","0.658","0.702","0.658","2.75%"
"06/30/2020","0.658","0.628","0.666","0.618","4.96%"
"06/29/2020","0.627","0.632","0.656","0.622","-2.05%"
"06/26/2020","0.640","0.682","0.686","0.632","-6.24%"
"06/25/2020","0.682","0.674","0.689","0.656","0.49%"
"06/24/2020","0.679","0.717","0.730","0.676","-5.05%"
"06/23/2020","0.715","0.712","0.733","0.679","0.69%"
"06/22/2020","0.710","0.695","0.712","0.674","2.38%"
"06/19/2020","0.694","0.707","0.745","0.687","-1.85%"
"06/18/2020","0.707","0.731","0.731","0.692","-3.59%"
"06/17/2020","0.733","0.763","0.763","0.725","-1.11%"
"06/16/2020","0.741","0.756","0.784","0.723","2.97%"
"06/15/2020","0.720","0.666","0.723","0.653","1.39%"
"06/12/2020","0.710","0.677","0.721","0.664","6.65%"
"06/11/2020","0.666","0.720","0.730","0.649","-9.58%"
"06/10/2020","0.736","0.824","0.834","0.726","-10.62%"
"06/09/2020","0.824","0.872","0.872","0.802","-6.24%"
"06/08/2020","0.878","0.902","0.932","0.862","-1.68%"
"06/05/2020","0.893","0.817","0.959","0.799","8.29%"
"06/04/2020","0.825","0.756","0.828","0.736","10.63%"
"06/03/2020","0.746","0.692","0.771","0.685","8.59%"
"06/02/2020","0.687","0.649","0.688","0.648","2.92%"
"06/01/2020","0.667","0.640","0.687","0.638","2.25%"
"05/29/2020","0.653","0.683","0.687","0.643","-6.32%"
"05/28/2020","0.697","0.693","0.713","0.670","0.24%"
"05/27/2020","0.695","0.690","0.729","0.661","0.00%"
"05/26/2020","0.695","0.656","0.708","0.654","5.43%"
"05/25/2020","0.659","0.657","0.659","0.657","0.26%"
"05/22/2020","0.657","0.670","0.674","0.627","-3.34%"
"05/21/2020","0.680","0.677","0.682","0.654","-1.42%"
"05/20/2020","0.690","0.687","0.721","0.670","-0.23%"
"05/19/2020","0.692","0.726","0.745","0.688","-4.71%"
"05/18/2020","0.726","0.641","0.744","0.636","12.62%"
"05/15/2020","0.644","0.627","0.649","0.590","4.46%"
"05/14/2020","0.617","0.644","0.646","0.604","-5.69%"
"05/13/2020","0.654","0.669","0.674","0.635","-1.89%"
"05/12/2020","0.667","0.711","0.726","0.660","-5.66%"
"05/11/2020","0.707","0.694","0.728","0.672","3.21%"
"05/08/2020","0.685","0.642","0.686","0.607","7.10%"
"05/07/2020","0.639","0.687","0.717","0.620","-9.88%"
"05/06/2020","0.709","0.678","0.743","0.668","7.18%"
"05/05/2020","0.662","0.638","0.678","0.638","4.98%"
"05/04/2020","0.631","0.605","0.651","0.596","2.01%"
"05/01/2020","0.618","0.630","0.648","0.594","-4.26%"
"04/30/2020","0.646","0.622","0.650","0.581","2.72%"
"04/29/2020","0.628","0.613","0.643","0.581","2.01%"
"04/28/2020","0.616","0.665","0.673","0.594","-7.17%"
"04/27/2020","0.664","0.605","0.665","0.601","9.61%"
"04/24/2020","0.605","0.605","0.621","0.579","0.40%"
"04/23/2020","0.603","0.611","0.638","0.590","-2.33%"
"04/22/2020","0.618","0.580","0.638","0.547","9.12%"
"04/21/2020","0.566","0.616","0.623","0.543","-8.18%"
"04/20/2020","0.616","0.642","0.651","0.609","-3.96%"
"04/17/2020","0.642","0.672","0.693","0.587","3.95%"
"04/16/2020","0.617","0.638","0.658","0.594","-2.76%"
"04/15/2020","0.635","0.746","0.752","0.618","-15.41%"
"04/14/2020","0.750","0.765","0.776","0.728","-2.51%"
"04/13/2020","0.770","0.725","0.776","0.719","5.64%"
"04/09/2020","0.729","0.783","0.785","0.711","-5.45%"
"04/08/2020","0.771","0.717","0.779","0.695","6.08%"
"04/07/2020","0.726","0.695","0.785","0.678","7.19%"
"04/06/2020","0.678","0.617","0.684","0.612","13.06%"
"04/03/2020","0.599","0.611","0.623","0.568","-1.91%"
"04/02/2020","0.611","0.572","0.636","0.568","1.53%"
"04/01/2020","0.602","0.663","0.676","0.571","-9.88%"
"03/31/2020","0.668","0.722","0.731","0.651","-8.05%"
"03/30/2020","0.726","0.667","0.731","0.599","7.42%"
"03/27/2020","0.676","0.840","0.854","0.670","-20.25%"
"03/26/2020","0.848","0.827","0.859","0.770","-2.41%"
"03/25/2020","0.869","0.853","0.878","0.783","1.28%"
"03/24/2020","0.858","0.775","0.898","0.774","12.48%"
"03/23/2020","0.763","0.791","0.879","0.692","-13.86%"
"03/20/2020","0.885","1.125","1.283","0.849","-23.58%"
"03/19/2020","1.158","1.149","1.279","1.007","-2.10%"
"03/18/2020","1.183","1.044","1.266","0.989","10.73%"
"03/17/2020","1.069","0.747","1.105","0.740","44.37%"
"03/16/2020","0.740","0.668","0.859","0.634","-24.69%"
"03/13/2020","0.983","0.823","1.023","0.725","21.03%"
"03/12/2020","0.812","0.849","0.909","0.636","-7.45%"
"03/11/2020","0.877","0.759","0.895","0.638","9.71%"
"03/10/2020","0.800","0.617","0.813","0.565","43.00%"
"03/09/2020","0.559","0.501","0.603","0.318","-27.67%"
"03/06/2020","0.773","0.918","0.920","0.660","-15.65%"
"03/05/2020","0.917","1.054","1.054","0.899","-13.13%"
"03/04/2020","1.055","0.984","1.064","0.931","5.65%"
"03/03/2020","0.999","1.163","1.173","0.906","-13.27%"
"03/02/2020","1.152","1.105","1.168","1.030","-0.99%"
"02/28/2020","1.163","1.282","1.289","1.116","-8.68%"
"02/27/2020","1.274","1.330","1.335","1.241","-4.61%"
"02/26/2020","1.335","1.359","1.382","1.301","-1.48%"
"02/25/2020","1.355","1.387","1.416","1.307","-1.10%"
"02/24/2020","1.370","1.456","1.456","1.352","-6.95%"
"02/21/2020","1.473","1.515","1.524","1.439","-3.01%"
"02/20/2020","1.519","1.578","1.585","1.507","-3.14%"
"02/19/2020","1.568","1.571","1.587","1.547","0.55%"
"02/18/2020","1.559","1.576","1.580","1.537","-1.19%"
"02/17/2020","1.578","1.578","1.578","1.578","-0.65%"
"02/14/2020","1.588","1.609","1.616","1.573","-1.90%"
"02/13/2020","1.619","1.607","1.626","1.568","-1.09%"
"02/12/2020","1.637","1.607","1.638","1.597","2.15%"
"02/11/2020","1.602","1.573","1.604","1.571","2.53%"
"02/10/2020","1.563","1.561","1.599","1.542","-1.19%"
"02/07/2020","1.582","1.644","1.649","1.571","-3.78%"
"02/06/2020","1.644","1.649","1.684","1.633","-0.32%"
"02/05/2020","1.649","1.604","1.661","1.575","2.90%"
"02/04/2020","1.603","1.520","1.618","1.517","5.05%"
"02/03/2020","1.526","1.514","1.575","1.512","1.36%"
"01/31/2020","1.505","1.582","1.599","1.503","-5.38%"
"01/30/2020","1.591","1.587","1.594","1.534","0.65%"
"01/29/2020","1.581","1.648","1.667","1.579","-4.87%"
"01/28/2020","1.661","1.612","1.663","1.570","2.99%"
"01/27/2020","1.613","1.630","1.655","1.598","-4.30%"
"01/24/2020","1.686","1.741","1.762","1.670","-2.61%"
"01/23/2020","1.731","1.764","1.766","1.713","-2.16%"
"01/22/2020","1.769","1.783","1.793","1.759","-0.29%"
"01/21/2020","1.774","1.823","1.825","1.766","-2.68%"
"01/20/2020","1.823","1.823","1.823","1.823","-0.10%"
"01/17/2020","1.825","1.823","1.849","1.813","0.88%"
"01/16/2020","1.809","1.792","1.820","1.776","1.27%"
"01/15/2020","1.786","1.807","1.818","1.780","-1.45%"
"01/14/2020","1.813","1.851","1.863","1.811","-1.89%"
"01/13/2020","1.848","1.820","1.858","1.820","1.54%"
"01/10/2020","1.820","1.858","1.869","1.816","-1.88%"
"01/09/2020","1.855","1.870","1.900","1.849","-1.03%"
"01/08/2020","1.874","1.767","1.877","1.705","3.48%"
"01/07/2020","1.811","1.813","1.828","1.795","0.10%"
"01/06/2020","1.809","1.769","1.816","1.760","0.88%"
"01/03/2020","1.793","1.842","1.844","1.786","-4.46%"
"01/02/2020","1.877","1.919","1.946","1.851","-2.29%"
"01/01/2020","1.921","1.921","1.921","1.921","0.09%"
"12/31/2019","1.919","1.893","1.930","1.884","1.77%"
"12/30/2019","1.886","1.875","1.940","1.872","0.47%"
"12/27/2019","1.877","1.898","1.901","1.870","-0.92%"
"12/26/2019","1.894","1.908","1.921","1.893","-0.64%"
"12/25/2019","1.907","1.905","1.907","1.905","0.18%"
"12/24/2019","1.903","1.928","1.949","1.901","-1.27%"
"12/23/2019","1.928","1.921","1.940","1.894","0.46%"
"12/20/2019","1.919","1.924","1.947","1.912","-0.18%"
"12/19/2019","1.922","1.922","1.952","1.898","0.00%"
"12/18/2019","1.922","1.885","1.934","1.864","2.52%"
"12/17/2019","1.875","1.870","1.894","1.852","0.10%"
"12/16/2019","1.873","1.833","1.894","1.829","2.67%"
"12/13/2019","1.824","1.946","1.950","1.816","-3.77%"
"12/12/2019","1.896","1.796","1.924","1.778","5.72%"
"12/11/2019","1.793","1.840","1.842","1.781","-2.63%"
"12/10/2019","1.842","1.819","1.849","1.800","1.14%"
"12/09/2019","1.821","1.843","1.845","1.805","-1.22%"
"12/06/2019","1.843","1.807","1.864","1.788","1.92%"
"12/05/2019","1.809","1.772","1.822","1.759","1.75%"
"12/04/2019","1.778","1.724","1.791","1.699","3.50%"
"12/03/2019","1.717","1.821","1.847","1.693","-5.76%"
"12/02/2019","1.822","1.796","1.860","1.796","2.73%"
"11/29/2019","1.774","1.779","1.796","1.759","-0.20%"
"11/28/2019","1.778","1.778","1.778","1.778","0.59%"
"11/27/2019","1.767","1.747","1.778","1.738","1.48%"
"11/26/2019","1.741","1.760","1.779","1.731","-0.59%"
"11/25/2019","1.752","1.777","1.793","1.752","-1.07%"
"11/22/2019","1.771","1.771","1.789","1.745","-0.29%"
"11/21/2019","1.776","1.735","1.786","1.707","1.67%"
"11/20/2019","1.747","1.769","1.777","1.728","-2.21%"
"11/19/2019","1.786","1.814","1.827","1.777","-1.61%"
"11/18/2019","1.815","1.826","1.857","1.795","-1.13%"
"11/15/2019","1.836","1.831","1.853","1.819","0.76%"
"11/14/2019","1.822","1.884","1.893","1.805","-3.65%"
"11/13/2019","1.891","1.929","1.931","1.863","-1.89%"
"11/12/2019","1.928","1.923","1.959","1.905","0.27%"
"11/11/2019","1.923","1.924","1.924","1.923","-1.16%"
"11/08/2019","1.945","1.921","1.956","1.895","0.81%"
"11/07/2019","1.929","1.820","1.973","1.803","5.43%"
"11/06/2019","1.830","1.857","1.858","1.807","-1.43%"
"11/05/2019","1.857","1.798","1.873","1.788","4.27%"
"11/04/2019","1.781","1.754","1.793","1.740","3.89%"
"11/01/2019","1.714","1.689","1.745","1.670","1.56%"
"10/31/2019","1.688","1.775","1.791","1.681","-4.93%"
"10/30/2019","1.775","1.837","1.851","1.771","-3.36%"
"10/29/2019","1.837","1.851","1.860","1.823","-0.48%"
"10/28/2019","1.845","1.803","1.860","1.801","2.56%"
"10/25/2019","1.799","1.757","1.814","1.749","1.59%"
"10/24/2019","1.771","1.761","1.784","1.738","0.20%"
"10/23/2019","1.768","1.762","1.770","1.731","0.00%"
"10/22/2019","1.768","1.805","1.810","1.762","-1.95%"
"10/21/2019","1.803","1.740","1.805","1.738","2.81%"
"10/18/2019","1.754","1.748","1.776","1.729","0.21%"
"10/17/2019","1.750","1.732","1.799","1.722","0.30%"
"10/16/2019","1.745","1.766","1.769","1.719","-1.49%"
"10/15/2019","1.771","1.713","1.778","1.675","3.26%"
"10/14/2019","1.715","1.712","1.717","1.712","-1.10%"
"10/11/2019","1.734","1.663","1.767","1.640","3.86%"
"10/10/2019","1.670","1.558","1.672","1.546","5.21%"
"10/09/2019","1.587","1.531","1.594","1.526","3.58%"
"10/08/2019","1.532","1.556","1.592","1.510","-2.08%"
"10/07/2019","1.565","1.515","1.566","1.505","2.34%"
"10/04/2019","1.529","1.536","1.556","1.507","-0.33%"
"10/03/2019","1.534","1.592","1.599","1.509","-4.17%"
"10/02/2019","1.601","1.639","1.668","1.580","-2.10%"
"10/01/2019","1.635","1.670","1.757","1.613","-1.97%"
"09/30/2019","1.668","1.685","1.713","1.665","-1.13%"
"09/27/2019","1.687","1.692","1.725","1.673","-0.61%"
"09/26/2019","1.697","1.727","1.727","1.675","-2.30%"
"09/25/2019","1.737","1.649","1.739","1.630","5.13%"
"09/24/2019","1.652","1.722","1.723","1.628","-4.11%"
"09/23/2019","1.723","1.737","1.767","1.664","0.10%"
"09/20/2019","1.722","1.781","1.794","1.716","-3.69%"
"09/19/2019","1.787","1.796","1.821","1.749","-0.68%"
"09/18/2019","1.800","1.805","1.819","1.744","-0.57%"
"09/17/2019","1.810","1.845","1.849","1.794","-1.80%"
"09/16/2019","1.843","1.899","1.899","1.814","-3.05%"
"09/13/2019","1.901","1.777","1.908","1.766","6.89%"
"09/12/2019","1.778","1.766","1.801","1.668","1.89%"
"09/11/2019","1.745","1.730","1.752","1.707","0.10%"
"09/10/2019","1.744","1.647","1.745","1.620","5.86%"
"09/09/2019","1.647","1.559","1.649","1.553","5.58%"
"09/06/2019","1.560","1.559","1.608","1.540","-0.33%"
"09/05/2019","1.565","1.472","1.591","1.469","6.43%"
"09/04/2019","1.471","1.452","1.499","1.451","0.57%"
"09/03/2019","1.462","1.508","1.537","1.429","-2.91%"
"09/02/2019","1.506","1.510","1.510","1.506","0.45%"
"08/30/2019","1.499","1.496","1.543","1.493","0.21%"
"08/29/2019","1.496","1.468","1.535","1.444","1.94%"
"08/28/2019","1.468","1.479","1.490","1.446","-0.45%"
"08/27/2019","1.474","1.530","1.537","1.471","-4.16%"
"08/26/2019","1.538","1.478","1.549","1.443","0.33%"
"08/23/2019","1.533","1.613","1.663","1.506","-4.94%"
"08/22/2019","1.613","1.588","1.628","1.555","1.39%"
"08/21/2019","1.591","1.557","1.610","1.547","2.51%"
"08/20/2019","1.552","1.591","1.598","1.540","-3.48%"
"08/19/2019","1.608","1.572","1.625","1.569","2.93%"
"08/16/2019","1.562","1.523","1.594","1.508","4.04%"
"08/15/2019","1.502","1.589","1.594","1.475","-5.11%"
"08/14/2019","1.583","1.693","1.695","1.574","-7.00%"
"08/13/2019","1.702","1.654","1.717","1.618","3.75%"
"08/12/2019","1.640","1.748","1.748","1.628","-5.98%"
"08/09/2019","1.745","1.698","1.748","1.679","1.50%"
"08/08/2019","1.719","1.709","1.793","1.705","-0.10%"
"08/07/2019","1.721","1.696","1.736","1.595","0.29%"
"08/06/2019","1.716","1.677","1.773","1.672","-0.10%"
"08/05/2019","1.718","1.855","1.859","1.709","-6.82%"
"08/02/2019","1.843","1.897","1.912","1.832","-3.09%"
"08/01/2019","1.902","2.025","2.061","1.876","-5.25%"
"07/31/2019","2.007","2.058","2.072","2.006","-2.53%"
"07/30/2019","2.060","2.062","2.075","2.040","-0.17%"
"07/29/2019","2.063","2.067","2.070","2.048","-0.51%"
"07/26/2019","2.074","2.081","2.100","2.063","-0.43%"
"07/25/2019","2.083","2.043","2.100","2.011","1.61%"
"07/24/2019","2.050","2.085","2.085","2.038","-1.35%"
"07/23/2019","2.078","2.050","2.085","2.043","1.36%"
"07/22/2019","2.050","2.057","2.067","2.027","-0.34%"
"07/19/2019","2.057","2.042","2.064","2.035","1.53%"
"07/18/2019","2.026","2.054","2.078","2.023","-0.86%"
"07/17/2019","2.043","2.108","2.111","2.043","-2.98%"
"07/16/2019","2.106","2.090","2.143","2.083","0.75%"
"07/15/2019","2.090","2.150","2.150","2.087","-1.57%"
"07/12/2019","2.124","2.136","2.150","2.105","-0.91%"
"07/11/2019","2.143","2.053","2.150","2.037","3.97%"
"07/10/2019","2.061","2.067","2.113","2.039","-0.51%"
"07/09/2019","2.072","2.039","2.072","2.034","1.18%"
"07/08/2019","2.048","2.041","2.053","2.010","0.42%"
"07/05/2019","2.039","1.945","2.068","1.941","4.67%"
"07/04/2019","1.948","1.946","1.948","1.946","-0.26%"
"07/03/2019","1.953","1.972","1.972","1.939","-1.14%"
"07/02/2019","1.976","2.017","2.024","1.974","-2.80%"
"07/01/2019","2.033","2.045","2.048","2.005","1.29%"
"06/28/2019","2.007","2.017","2.033","1.998","-0.36%"
"06/27/2019","2.014","2.045","2.073","2.004","-1.77%"
"06/26/2019","2.050","1.999","2.052","1.997","3.11%"
"06/25/2019","1.988","2.014","2.025","1.982","-1.45%"
"06/24/2019","2.018","2.059","2.066","2.014","-2.01%"
"06/21/2019","2.059","2.018","2.069","1.999","1.77%"
"06/20/2019","2.023","2.027","2.039","1.974","-0.26%"
"06/19/2019","2.029","2.063","2.099","2.020","-1.42%"
"06/18/2019","2.058","2.091","2.098","2.016","-1.57%"
"06/17/2019","2.091","2.092","2.115","2.079","0.33%"
"06/14/2019","2.084","2.086","2.110","2.058","-0.42%"
"06/13/2019","2.093","2.124","2.129","2.082","-1.39%"
"06/12/2019","2.122","2.138","2.143","2.110","-1.05%"
"06/11/2019","2.145","2.141","2.178","2.138","-0.25%"
"06/10/2019","2.150","2.122","2.152","2.112","3.15%"
"06/07/2019","2.084","2.128","2.133","2.053","-1.72%"
"06/06/2019","2.121","2.126","2.136","2.092","-0.49%"
"06/05/2019","2.131","2.131","2.136","2.078","0.49%"
"06/04/2019","2.121","2.083","2.147","2.083","2.24%"
"06/03/2019","2.075","2.126","2.135","2.061","-2.75%"
"05/31/2019","2.133","2.191","2.194","2.126","-3.77%"
"05/30/2019","2.217","2.262","2.285","2.211","-2.01%"
"05/29/2019","2.262","2.266","2.267","2.210","-0.23%"
"05/28/2019","2.267","2.308","2.317","2.262","-1.83%"
"05/27/2019","2.310","2.310","2.310","2.310","-0.60%"
"05/24/2019","2.324","2.320","2.334","2.308","0.07%"
"05/23/2019","2.322","2.386","2.386","2.292","-2.45%"
"05/22/2019","2.380","2.426","2.434","2.380","-1.97%"
"05/21/2019","2.428","2.416","2.441","2.407","0.37%"
"05/20/2019","2.419","2.400","2.419","2.380","1.11%"
"05/17/2019","2.393","2.396","2.409","2.364","-0.07%"
"05/16/2019","2.394","2.373","2.416","2.354","0.74%"
"05/15/2019","2.377","2.409","2.419","2.361","-1.54%"
"05/14/2019","2.414","2.401","2.428","2.394","0.44%"
"05/13/2019","2.403","2.433","2.442","2.389","-2.80%"
"05/10/2019","2.473","2.455","2.473","2.426","0.80%"
"05/09/2019","2.453","2.476","2.480","2.424","-1.30%"
"05/08/2019","2.485","2.457","2.491","2.426","1.54%"
"05/07/2019","2.448","2.480","2.501","2.444","-2.08%"
"05/06/2019","2.500","2.482","2.503","2.473","-1.21%"
"05/03/2019","2.530","2.545","2.578","2.514","-0.57%"
"05/02/2019","2.545","2.522","2.558","2.509","1.73%"
"05/01/2019","2.502","2.509","2.520","2.455","-0.08%"
"04/30/2019","2.504","2.527","2.550","2.502","-0.93%"
"04/29/2019","2.527","2.509","2.541","2.504","1.08%"
"04/26/2019","2.500","2.529","2.545","2.495","-1.35%"
"04/25/2019","2.534","2.523","2.542","2.516","0.64%"
"04/24/2019","2.518","2.572","2.572","2.518","-1.97%"
"04/23/2019","2.569","2.587","2.594","2.563","-0.70%"
"04/22/2019","2.587","2.558","2.592","2.558","1.06%"
"04/18/2019","2.560","2.587","2.589","2.549","-1.33%"
"04/17/2019","2.594","2.585","2.614","2.579","0.07%"
"04/16/2019","2.592","2.556","2.596","2.547","1.41%"
"04/15/2019","2.556","2.558","2.574","2.547","-0.21%"
"04/12/2019","2.562","2.499","2.567","2.490","2.51%"
"04/11/2019","2.499","2.474","2.510","2.470","1.38%"
"04/10/2019","2.465","2.501","2.511","2.463","-1.50%"
"04/09/2019","2.502","2.519","2.527","2.485","-0.71%"
"04/08/2019","2.520","2.503","2.524","2.486","0.86%"
"04/05/2019","2.499","2.515","2.544","2.494","-0.57%"
"04/04/2019","2.513","2.517","2.526","2.496","-0.57%"
"04/03/2019","2.528","2.472","2.528","2.469","2.24%"
"04/02/2019","2.472","2.488","2.492","2.467","-1.21%"
"04/01/2019","2.503","2.430","2.508","2.424","3.98%"
"03/29/2019","2.407","2.393","2.433","2.391","0.66%"
"03/28/2019","2.391","2.365","2.405","2.340","0.44%"
"03/27/2019","2.381","2.425","2.432","2.352","-1.82%"
"03/26/2019","2.425","2.414","2.453","2.402","0.81%"
"03/25/2019","2.405","2.453","2.473","2.377","-1.31%"
"03/22/2019","2.437","2.539","2.539","2.418","-3.99%"
"03/21/2019","2.539","2.524","2.546","2.500","0.56%"
"03/20/2019","2.524","2.616","2.618","2.524","-3.56%"
"03/19/2019","2.618","2.603","2.634","2.591","0.48%"
"03/18/2019","2.605","2.594","2.611","2.585","0.56%"
"03/15/2019","2.591","2.628","2.638","2.580","-1.51%"
"03/14/2019","2.630","2.621","2.645","2.611","0.21%"
"03/13/2019","2.625","2.607","2.628","2.605","0.97%"
"03/12/2019","2.600","2.657","2.674","2.596","-1.57%"
"03/11/2019","2.641","2.630","2.659","2.623","0.41%"
"03/08/2019","2.630","2.645","2.652","2.607","-0.41%"
"03/07/2019","2.641","2.690","2.693","2.636","-1.94%"
"03/06/2019","2.693","2.719","2.720","2.679","-0.93%"
"03/05/2019","2.719","2.728","2.750","2.715","-0.20%"
"03/04/2019","2.724","2.766","2.768","2.719","-1.25%"
"03/01/2019","2.759","2.719","2.768","2.711","1.53%"
"02/28/2019","2.717","2.675","2.731","2.659","1.14%"
"02/27/2019","2.686","2.634","2.699","2.628","1.84%"
"02/26/2019","2.638","2.663","2.668","2.632","-1.14%"
"02/25/2019","2.668","2.668","2.684","2.655","0.54%"
"02/22/2019","2.654","2.688","2.688","2.638","-1.54%"
"02/21/2019","2.695","2.645","2.697","2.641","1.76%"
"02/20/2019","2.648","2.641","2.659","2.627","0.48%"
"02/19/2019","2.636","2.675","2.675","2.634","-1.41%"
"02/18/2019","2.673","2.673","2.673","2.673","0.34%"
"02/15/2019","2.664","2.659","2.688","2.645","0.34%"
"02/14/2019","2.655","2.698","2.713","2.643","-1.99%"
"02/13/2019","2.709","2.693","2.715","2.681","0.87%"
"02/12/2019","2.686","2.654","2.691","2.654","1.22%"
"02/11/2019","2.654","2.638","2.670","2.636","0.75%"
"02/08/2019","2.634","2.657","2.659","2.625","-0.88%"
"02/07/2019","2.657","2.697","2.698","2.650","-1.59%"
"02/06/2019","2.700","2.704","2.704","2.673","-0.14%"
"02/05/2019","2.704","2.718","2.740","2.688","-0.79%"
"02/04/2019","2.725","2.693","2.734","2.684","1.53%"
"02/01/2019","2.684","2.645","2.697","2.624","1.95%"
"01/31/2019","2.633","2.683","2.685","2.619","-1.67%"
"01/30/2019","2.678","2.715","2.735","2.676","-1.19%"
"01/29/2019","2.710","2.742","2.747","2.706","-1.38%"
"01/28/2019","2.748","2.755","2.766","2.728","-0.40%"
"01/25/2019","2.759","2.721","2.760","2.719","1.58%"
"01/24/2019","2.716","2.744","2.753","2.701","-1.24%"
"01/23/2019","2.750","2.739","2.779","2.734","0.32%"
"01/22/2019","2.741","2.775","2.779","2.727","-1.17%"
"01/21/2019","2.773","2.775","2.775","2.773","-0.52%"
"01/18/2019","2.788","2.747","2.799","2.743","1.36%"
"01/17/2019","2.750","2.720","2.761","2.698","0.85%"
"01/16/2019","2.727","2.713","2.743","2.704","0.32%"
"01/15/2019","2.718","2.704","2.722","2.679","0.46%"
"01/14/2019","2.706","2.676","2.711","2.660","0.26%"
"01/11/2019","2.699","2.731","2.740","2.681","-1.70%"
"01/10/2019","2.746","2.710","2.747","2.678","1.25%"
"01/09/2019","2.712","2.730","2.747","2.710","-0.66%"
"01/08/2019","2.730","2.692","2.733","2.687","1.19%"
"01/07/2019","2.698","2.666","2.701","2.632","1.13%"
"01/04/2019","2.668","2.564","2.678","2.543","4.55%"
"01/03/2019","2.552","2.618","2.656","2.545","-3.08%"
"01/02/2019","2.633","2.686","2.697","2.622","-1.98%"
"01/01/2019","2.686","2.686","2.686","2.686","0.00%"
"12/31/2018","2.686","2.730","2.745","2.679","-1.12%"
"12/28/2018","2.716","2.768","2.781","2.713","-2.07%"
"12/27/2018","2.774","2.803","2.806","2.733","-1.28%"
"12/26/2018","2.810","2.751","2.815","2.720","2.14%"
"12/25/2018","2.751","2.749","2.751","2.749","0.52%"
"12/24/2018","2.737","2.826","2.826","2.733","-1.86%"
"12/21/2018","2.788","2.801","2.810","2.781","-0.71%"
"12/20/2018","2.808","2.767","2.814","2.748","1.68%"
"12/19/2018","2.762","2.819","2.861","2.750","-2.15%"
"12/18/2018","2.823","2.859","2.861","2.818","-1.20%"
"12/17/2018","2.857","2.895","2.898","2.848","-1.31%"
"12/14/2018","2.895","2.909","2.913","2.870","-0.62%"
"12/13/2018","2.913","2.910","2.918","2.891","0.06%"
"12/12/2018","2.911","2.884","2.917","2.879","1.13%"
"12/11/2018","2.879","2.850","2.890","2.845","0.56%"
"12/10/2018","2.863","2.829","2.868","2.825","0.19%"
"12/07/2018","2.858","2.901","2.921","2.847","-1.19%"
"12/06/2018","2.892","2.917","2.924","2.826","-0.87%"
"12/05/2018","2.917","2.912","2.917","2.912","0.06%"
"12/04/2018","2.915","2.975","2.977","2.885","-1.71%"
"12/03/2018","2.966","3.037","3.050","2.966","-0.91%"
"11/30/2018","2.993","3.026","3.032","2.988","-1.26%"
"11/29/2018","3.032","3.048","3.052","2.997","-0.95%"
"11/28/2018","3.061","3.057","3.075","3.043","0.06%"
"11/27/2018","3.059","3.059","3.074","3.044","0.00%"
"11/26/2018","3.059","3.050","3.079","3.046","0.42%"
"11/23/2018","3.046","3.068","3.076","3.032","-0.60%"
"11/22/2018","3.065","3.065","3.065","3.065","0.00%"
"11/21/2018","3.065","3.065","3.088","3.061","0.12%"
"11/20/2018","3.061","3.063","3.070","3.036","-0.06%"
"11/19/2018","3.063","3.057","3.096","3.052","-0.06%"
"11/16/2018","3.065","3.110","3.123","3.065","-1.47%"
"11/15/2018","3.110","3.123","3.136","3.081","-0.53%"
"11/14/2018","3.127","3.145","3.165","3.092","-0.47%"
"11/13/2018","3.141","3.151","3.176","3.138","-0.29%"
"11/12/2018","3.151","3.186","3.186","3.151","-1.10%"
"11/09/2018","3.186","3.232","3.236","3.180","-1.65%"
"11/08/2018","3.239","3.236","3.243","3.206","0.06%"
"11/07/2018","3.237","3.213","3.250","3.176","0.18%"
"11/06/2018","3.231","3.208","3.231","3.189","0.96%"
"11/05/2018","3.201","3.208","3.212","3.186","-0.59%"
"11/02/2018","3.220","3.140","3.224","3.136","2.73%"
"11/01/2018","3.134","3.155","3.174","3.130","-0.48%"
"10/31/2018","3.149","3.125","3.162","3.123","0.97%"
"10/30/2018","3.119","3.087","3.125","3.083","0.98%"
"10/29/2018","3.089","3.081","3.117","3.059","0.37%"
"10/26/2018","3.077","3.109","3.117","3.057","-1.56%"
"10/25/2018","3.126","3.102","3.145","3.100","0.49%"
"10/24/2018","3.111","3.170","3.170","3.094","-1.90%"
"10/23/2018","3.171","3.192","3.194","3.111","-0.88%"
"10/22/2018","3.200","3.192","3.209","3.177","0.12%"
"10/19/2018","3.196","3.175","3.209","3.169","0.60%"
"10/18/2018","3.177","3.207","3.217","3.160","-0.94%"
"10/17/2018","3.207","3.169","3.207","3.146","1.38%"
"10/16/2018","3.163","3.158","3.178","3.152","0.24%"
"10/15/2018","3.156","3.158","3.165","3.142","-0.36%"
"10/12/2018","3.167","3.154","3.184","3.131","0.67%"
"10/11/2018","3.146","3.163","3.195","3.124","-0.89%"
"10/10/2018","3.174","3.214","3.244","3.165","-1.00%"
"10/09/2018","3.206","3.231","3.261","3.203","-0.76%"
"10/08/2018","3.231","3.237","3.237","3.231","-0.06%"
"10/05/2018","3.233","3.193","3.248","3.187","1.44%"
"10/04/2018","3.187","3.198","3.232","3.176","0.18%"
"10/03/2018","3.181","3.061","3.187","3.050","3.92%"
"10/02/2018","3.061","3.087","3.087","3.046","-0.78%"
"10/01/2018","3.086","3.067","3.095","3.063","0.67%"
"09/28/2018","3.065","3.048","3.065","3.026","0.31%"
"09/27/2018","3.056","3.054","3.074","3.030","0.25%"
"09/26/2018","3.048","3.096","3.098","3.048","-1.62%"
"09/25/2018","3.098","3.089","3.113","3.087","0.30%"
"09/24/2018","3.089","3.098","3.098","3.065","0.73%"
"09/21/2018","3.066","3.065","3.085","3.057","0.07%"
"09/20/2018","3.065","3.066","3.096","3.059","-0.06%"
"09/19/2018","3.066","3.055","3.092","3.044","0.30%"
"09/18/2018","3.057","2.979","3.059","2.977","2.10%"
"09/17/2018","2.994","2.990","3.022","2.985","-0.18%"
"09/14/2018","3.000","2.974","3.003","2.968","0.87%"
"09/13/2018","2.974","2.964","2.983","2.944","0.31%"
"09/12/2018","2.964","2.974","2.976","2.955","-0.55%"
"09/11/2018","2.981","2.935","2.983","2.935","1.56%"
"09/10/2018","2.935","2.944","2.950","2.930","-0.13%"
"09/07/2018","2.939","2.875","2.950","2.871","2.09%"
"09/06/2018","2.878","2.900","2.911","2.871","-0.88%"
"09/05/2018","2.904","2.898","2.917","2.884","0.19%"
"09/04/2018","2.898","2.860","2.906","2.855","1.27%"
"09/03/2018","2.862","2.862","2.862","2.862","0.06%"
"08/31/2018","2.860","2.860","2.868","2.831","0.06%"
"08/30/2018","2.859","2.880","2.888","2.855","-0.94%"
"08/29/2018","2.886","2.878","2.898","2.866","0.06%"
"08/28/2018","2.884","2.851","2.888","2.844","1.34%"
"08/27/2018","2.846","2.821","2.851","2.815","1.16%"
"08/24/2018","2.813","2.824","2.850","2.812","-0.51%"
"08/23/2018","2.828","2.817","2.832","2.812","0.26%"
"08/22/2018","2.821","2.824","2.837","2.808","-0.76%"
"08/21/2018","2.842","2.824","2.853","2.819","0.83%"
"08/20/2018","2.819","2.866","2.869","2.815","-1.57%"
"08/17/2018","2.864","2.868","2.877","2.844","-0.19%"
"08/16/2018","2.870","2.864","2.893","2.857","0.19%"
"08/15/2018","2.864","2.900","2.900","2.837","-1.25%"
"08/14/2018","2.900","2.877","2.902","2.877","0.82%"
"08/13/2018","2.877","2.866","2.889","2.848","0.13%"
"08/10/2018","2.873","2.929","2.931","2.853","-1.92%"
"08/09/2018","2.929","2.959","2.964","2.924","-1.16%"
"08/08/2018","2.964","2.973","2.986","2.958","-0.44%"